<?xml version="1.0" encoding="UTF-8"?>
<project-private xmlns="http://www.netbeans.org/ns/project-private/1">
    <editor-bookmarks xmlns="http://www.netbeans.org/ns/editor-bookmarks/2" lastBookmarkId="0"/>
    <open-files xmlns="http://www.netbeans.org/ns/projectui-open-files/2">
        <group>
            <file>file:/C:/Users/Hp/OneDrive/Documents/NetBeansProjects/hms/src/frames/datewisebillreport.java</file>
            <file>file:/C:/Users/Hp/OneDrive/Documents/NetBeansProjects/hms/src/frames/appointmentstuff.java</file>
            <file>file:/C:/Users/Hp/OneDrive/Documents/NetBeansProjects/hms/src/frames/displayall.java</file>
            <file>file:/C:/Users/Hp/OneDrive/Documents/NetBeansProjects/hms/src/hms/dto_implement.java</file>
            <file>file:/C:/Users/Hp/OneDrive/Documents/NetBeansProjects/hms/src/hms/Hms.java</file>
            <file>file:/C:/Users/Hp/OneDrive/Documents/NetBeansProjects/hms/src/frames/add.java</file>
            <file>file:/C:/Users/Hp/OneDrive/Documents/NetBeansProjects/hms/src/frames/addpatient.java</file>
            <file>file:/C:/Users/Hp/OneDrive/Documents/NetBeansProjects/hms/src/frames/doctorwisereport.java</file>
            <file>file:/C:/Users/Hp/OneDrive/Documents/NetBeansProjects/hms/src/frames/billstuff1.java</file>
            <file>file:/C:/Users/Hp/OneDrive/Documents/NetBeansProjects/hms/src/frames/Deletepatient.java</file>
            <file>file:/C:/Users/Hp/OneDrive/Documents/NetBeansProjects/hms/src/frames/dashboard.java</file>
            <file>file:/C:/Users/Hp/OneDrive/Documents/NetBeansProjects/hms/src/frames/patientdisplay.java</file>
            <file>file:/C:/Users/Hp/OneDrive/Documents/NetBeansProjects/hms/src/frames/searchpatient.java</file>
            <file>file:/C:/Users/Hp/OneDrive/Documents/NetBeansProjects/hms/src/frames/search.java</file>
            <file>file:/C:/Users/Hp/OneDrive/Documents/NetBeansProjects/hms/src/frames/paientwisebill.java</file>
            <file>file:/C:/Users/Hp/OneDrive/Documents/NetBeansProjects/hms/src/frames/Deletedoctor.java</file>
            <file>file:/C:/Users/Hp/OneDrive/Documents/NetBeansProjects/hms/src/frames/billstuff.java</file>
        </group>
    </open-files>
</project-private>
